tournament,men_women,match_date,player_1,player_1_odds,player_2,player_2_odds
Australian Open 2012,Men,2012-01-17,Potito Starace,1.77,Tatsuma Ito,2.24
Australian Open 2012,Men,2012-01-17,Nicolas Mahut,5.3,Radek Stepanek,1.2
Australian Open 2012,Men,2012-01-17,Filippo Volandri,40,Milos Raonic,1.02
Australian Open 2012,Men,2012-01-17,Lukas Rosol,3.25,Philipp Petzschner,1.42
Australian Open 2012,Men,2012-01-17,Cedrik Marcel Stebe,3.5999999999999996,Lleyton Hewitt,1.36
Australian Open 2012,Men,2012-01-17,Andy Roddick,1.29,Robin Haase,4.199999999999999
Australian Open 2012,Men,2012-01-17,Dmitry Tursunov,8,Janko Tipsarevic,1.13
Australian Open 2012,Men,2012-01-17,Andreas Seppi,3.75,Richard Gasquet,1.33
Australian Open 2012,Men,2012-01-17,Juan Ignacio Chela,2.08,Michael Russell,1.8900000000000001
Australian Open 2012,Men,2012-01-17,Igor Kunitsyn,1.3900000000000001,Pablo Andujar,3.3
Australian Open 2012,Men,2012-01-17,Matthias Bachinger,1.84,Ryan Sweeting,2.16
Australian Open 2012,Men,2012-01-17,David Ferrer,1.01,Rui Machado,55
Australian Open 2012,Men,2012-01-17,Andy Murray,1.03,Ryan Harrison,29
Australian Open 2012,Men,2012-01-17,Edouard Roger Vasselin,2.96,Xavier Malisse,1.49
Australian Open 2012,Men,2012-01-17,Ernests Gulbis,1.71,Michael Llodra,2.32
Australian Open 2012,Men,2012-01-17,Alex Bogomolov Jr,1.13,Daniel Gimeno Traver,7
Australian Open 2012,Men,2012-01-17,Juan Carlos Ferrero,2.74,Viktor Troicki,1.54
Australian Open 2012,Men,2012-01-17,Guillermo Garcia Lopez,1.5899999999999999,Mikhail Kukushkin,2.6
Australian Open 2012,Men,2012-01-17,Dudi Sela,2,Thomaz Bellucci,1.98
Australian Open 2012,Men,2012-01-17,Gael Monfils,1.04,Marinko Matosevic,18
Australian Open 2012,Men,2012-01-17,Julien Benneteau,1.09,Karol Beck,10.5
Australian Open 2012,Men,2012-01-17,Kei Nishikori,1.09,Stephane Robert,10.5
Australian Open 2012,Men,2012-01-17,Jesse Levine,3.55,Marcel Granollers,1.38
Australian Open 2012,Men,2012-01-17,Frederico Gil,3.8,Ivan Dodig,1.34
Australian Open 2012,Men,2012-01-17,Denis Istomin,7.6000000000000005,Jo Wilfried Tsonga,1.13
Australian Open 2012,Men,2012-01-16,Gilles Muller,5.3,Mardy Fish,1.2
Australian Open 2012,Men,2012-01-16,Alejandro Falla,1.52,Fabio Fognini,2.8
Australian Open 2012,Men,2012-01-16,Albert Montanes,1.38,Pere Riba,3.4
Australian Open 2012,Men,2012-01-16,Juan Monaco,2.6,Philipp Kohlschreiber,1.6
Australian Open 2012,Men,2012-01-16,Adrian Mannarino,12,Juan Martin Del Potro,1.08
Australian Open 2012,Men,2012-01-16,Alexandr Dolgopolov,1.06,Greg Jones,11
Australian Open 2012,Men,2012-01-16,Tobias Kamke,1.62,Victor Hanescu,2.32
Australian Open 2012,Men,2012-01-16,Kenny De Schepper,6.2,Sam Querrey,1.17
Australian Open 2012,Men,2012-01-16,Bernard Tomic,1.72,Fernando Verdasco,2.34
Australian Open 2012,Men,2012-01-16,Ivo Karlovic,2.5,Jurgen Melzer,1.58
Australian Open 2012,Men,2012-01-16,Andreas Beck,1.21,Eric Prodon,5
Australian Open 2012,Men,2012-01-16,Albert Ramos,27,Tomas Berdych,1.02
Australian Open 2012,Men,2012-01-16,Benoit Paire,5,Stanislas Wawrinka,1.22
Australian Open 2012,Men,2012-01-16,Benjamin Becker,6.6000000000000005,Marcos Baghdatis,1.1400000000000001
Australian Open 2012,Men,2012-01-16,Grigor Dimitrov,1.57,Jeremy Chardy,2.56
Australian Open 2012,Men,2012-01-16,Lukasz Kubot,3.0999999999999996,Nicolas Almagro,1.43
Australian Open 2012,Men,2012-01-16,Benjamin Mitchell,9.600000000000001,John Isner,1.08
Australian Open 2012,Men,2012-01-16,David Nalbandian,1.72,Jarkko Nieminen,2.38
Australian Open 2012,Men,2012-01-16,Flavio Cipolla,3.9,Nikolay Davydenko,1.33
Australian Open 2012,Men,2012-01-16,Feliciano Lopez,1.29,Leonardo Mayer,4
Australian Open 2012,Men,2012-01-17,Matteo Viola,10.5,Santiago Giraldo,1.09
Australian Open 2012,Men,2012-01-17,James Duckworth,2.94,Jurgen Zopp,1.48
Australian Open 2012,Men,2012-01-17,Andrey Golubev,5.3,Mikhail Youzhny,1.22
Australian Open 2012,Men,2012-01-17,Danai Udomchoke,15.5,Gilles Simon,1.04
Australian Open 2012,Men,2012-01-17,Ricardo Mello,1.9500000000000002,Roberto Bautista Agut,1.8900000000000001
Australian Open 2012,Men,2012-01-16,Florent Serra,1.5899999999999999,Steve Darcis,2.64
Australian Open 2012,Men,2012-01-16,Blaz Kavcic,1.92,James Ward,1.98
Australian Open 2012,Men,2012-01-16,Carlos Berlocq,1.79,Jesse Huta Galung,2.2
Australian Open 2012,Men,2012-01-16,Bjorn Phau,1.29,Olivier Rochus,1.8599999999999999
Australian Open 2012,Men,2012-01-16,Illya Marchenko,3.05,Sergiy Stakhovsky,1.44
Australian Open 2012,Men,2012-01-16,Frederik Nielsen,4.699999999999999,Kevin Anderson,1.24
Australian Open 2012,Men,2012-01-16,Ivan Ljubicic,2.26,Lukas Lacko,1.74
Australian Open 2012,Men,2012-01-16,Donald Young,1.6,Peter Gojowczyk,2.62
Australian Open 2012,Men,2012-01-16,Denis Kudla,3.1999999999999997,Tommy Haas,1.42
Australian Open 2012,Men,2012-01-16,Alex Kuznetsov,55,Rafael Nadal,1.01
Australian Open 2012,Men,2012-01-17,Joao Souza,5.8999999999999995,Matthew Ebden,1.16
Australian Open 2012,Men,2012-01-16,Rik De Voest,3.15,Yen Hsun Lu,1.42
Australian Open 2012,Men,2012-01-18,Blaz Kavcic,19.5,Juan Martin Del Potro,1.04
Australian Open 2012,Men,2012-01-18,Feliciano Lopez,1.36,Flavio Cipolla,3.4
Australian Open 2012,Men,2012-01-18,Kevin Anderson,1.29,Sergiy Stakhovsky,4.199999999999999
Australian Open 2012,Men,2012-01-18,Bernard Tomic,1.4,Sam Querrey,3.3499999999999996
Australian Open 2012,Men,2012-01-18,Alejandro Falla,10.5,Mardy Fish,1.1
Australian Open 2012,Men,2012-01-18,Pere Riba,11,Philipp Kohlschreiber,1.09
Australian Open 2012,Men,2012-01-18,Alexandr Dolgopolov,1.49,Tobias Kamke,2.94
Australian Open 2012,Men,2012-01-18,Carlos Berlocq,3.6999999999999997,Ivo Karlovic,1.34
Australian Open 2012,Men,2012-01-18,Olivier Rochus,11,Tomas Berdych,1.09
Australian Open 2012,Men,2012-01-18,Marcos Baghdatis,1.84,Stanislas Wawrinka,2.08
Australian Open 2012,Men,2012-01-18,Grigor Dimitrov,2.2800000000000002,Nicolas Almagro,1.75
Australian Open 2012,Men,2012-01-18,Rafael Nadal,1.02,Tommy Haas,29
Australian Open 2012,Men,2012-01-18,David Nalbandian,1.99,John Isner,1.97
Australian Open 2012,Men,2012-01-18,Donald Young,1.98,Lukas Lacko,1.96
Australian Open 2012,Men,2012-01-18,Florent Serra,2.7,Yen Hsun Lu,1.58
Australian Open 2012,Men,2012-01-18,Andreas Beck,70,Roger Federer,1.01
Australian Open 2012,Men,2012-01-19,Milos Raonic,1.36,Philipp Petzschner,3.5999999999999996
Australian Open 2012,Men,2012-01-17,Novak Djokovic,1.02,Santiago Giraldo,1.02
Australian Open 2012,Men,2012-01-19,Novak Djokovic,1.01,Santiago Giraldo,80
Australian Open 2012,Men,2012-01-19,Alex Bogomolov Jr,1.71,Michael Llodra,2.34
Australian Open 2012,Men,2012-01-19,Andrey Golubev,6.800000000000001,Richard Gasquet,1.15
Australian Open 2012,Men,2012-01-19,David Ferrer,1.03,Ryan Sweeting,13
Australian Open 2012,Men,2012-01-19,James Duckworth,16,Janko Tipsarevic,1.05
Australian Open 2012,Men,2012-01-19,Juan Ignacio Chela,1.56,Pablo Andujar,2.68
Australian Open 2012,Men,2012-01-19,Gael Monfils,1.16,Thomaz Bellucci,6.6000000000000005
Australian Open 2012,Men,2012-01-19,Nicolas Mahut,1.65,Tatsuma Ito,2.44
Australian Open 2012,Men,2012-01-19,Frederico Gil,4,Marcel Granollers,1.3
Australian Open 2012,Men,2012-01-19,Gilles Simon,1.82,Julien Benneteau,2.18
Australian Open 2012,Men,2012-01-19,Jo Wilfried Tsonga,1.03,Ricardo Mello,16
Australian Open 2012,Men,2012-01-19,Andy Roddick,1.29,Lleyton Hewitt,4.3
Australian Open 2012,Men,2012-01-19,Mikhail Kukushkin,3.5999999999999996,Viktor Troicki,1.36
Australian Open 2012,Men,2012-01-19,Kei Nishikori,1.33,Matthew Ebden,3.6999999999999997
Australian Open 2012,Men,2012-01-20,Kevin Anderson,5.199999999999999,Tomas Berdych,1.21
Australian Open 2012,Men,2012-01-20,Alejandro Falla,3.3,Philipp Kohlschreiber,1.4100000000000001
Australian Open 2012,Men,2012-01-20,Juan Martin Del Potro,1.08,Yen Hsun Lu,12
Australian Open 2012,Men,2012-01-20,Lukas Lacko,26,Rafael Nadal,1.03
Australian Open 2012,Men,2012-01-20,Feliciano Lopez,2.2800000000000002,John Isner,1.75
Australian Open 2012,Men,2012-01-20,Ivo Karlovic,26,Roger Federer,1.03
Australian Open 2012,Men,2012-01-20,Alexandr Dolgopolov,2.18,Bernard Tomic,1.82
Australian Open 2012,Men,2012-01-20,Nicolas Almagro,3.5,Stanislas Wawrinka,1.37
Australian Open 2012,Men,2012-01-21,Nicolas Mahut,85,Novak Djokovic,1.01
Australian Open 2012,Men,2012-01-21,Frederico Gil,28,Jo Wilfried Tsonga,1.03
Australian Open 2012,Men,2012-01-21,David Ferrer,1.07,Juan Ignacio Chela,13.5
Australian Open 2012,Men,2012-01-21,Janko Tipsarevic,1.99,Richard Gasquet,1.98
Australian Open 2012,Men,2012-01-21,Andy Murray,1.03,Michael Llodra,28
Australian Open 2012,Men,2012-01-21,Gael Monfils,1.1400000000000001,Mikhail Kukushkin,7.4
Australian Open 2012,Men,2012-01-21,Lleyton Hewitt,3.4499999999999997,Milos Raonic,1.4
Australian Open 2012,Men,2012-01-21,Julien Benneteau,2.06,Kei Nishikori,1.88
Australian Open 2012,Men,2012-01-22,Nicolas Almagro,5.8,Tomas Berdych,1.19
Australian Open 2012,Men,2012-01-22,Feliciano Lopez,15,Rafael Nadal,1.06
Australian Open 2012,Men,2012-01-22,Juan Martin Del Potro,1.19,Philipp Kohlschreiber,5.8
Australian Open 2012,Men,2012-01-22,Bernard Tomic,10,Roger Federer,1.09
Australian Open 2012,Men,2012-01-23,David Ferrer,1.52,Richard Gasquet,2.86
Australian Open 2012,Men,2012-01-23,Jo Wilfried Tsonga,1.24,Kei Nishikori,4.8999999999999995
Australian Open 2012,Men,2012-01-23,Andy Murray,1.02,Mikhail Kukushkin,29
Australian Open 2012,Men,2012-01-23,Lleyton Hewitt,27,Novak Djokovic,1.02
Australian Open 2012,Men,2012-01-24,Rafael Nadal,1.25,Tomas Berdych,4.699999999999999
Australian Open 2012,Men,2012-01-24,Juan Martin Del Potro,4,Roger Federer,1.31
Australian Open 2012,Men,2012-01-25,Andy Murray,1.06,Kei Nishikori,13.5
Australian Open 2012,Men,2012-01-25,David Ferrer,8.8,Novak Djokovic,1.11
Australian Open 2012,Men,2012-01-26,Rafael Nadal,2.58,Roger Federer,1.62
Australian Open 2012,Men,2012-01-27,Andy Murray,3.3499999999999996,Novak Djokovic,1.4100000000000001
Australian Open 2012,Men,2012-01-29,Novak Djokovic,1.7000000000000002,Rafael Nadal,2.38
Australian Open 2013,Men,2013-01-14,Ryan Harrison,1.79,Santiago Giraldo,2.1
Australian Open 2013,Men,2013-01-14,Radek Stepanek,2.66,Viktor Troicki,1.56
Australian Open 2013,Men,2013-01-14,Flavio Cipolla,3.3499999999999996,Tobias Kamke,1.31
Australian Open 2013,Men,2013-01-15,Benoit Paire,36,Roger Federer,1.02
Australian Open 2013,Men,2013-01-15,Bernard Tomic,1.06,Leonardo Mayer,13
Australian Open 2013,Men,2013-01-14,Kevin Anderson,1.11,Paolo Lorenzi,8.600000000000001
Australian Open 2013,Men,2013-01-15,Aljaz Bedene,1.75,Benjamin Becker,2.26
Australian Open 2013,Men,2013-01-14,Andrey Kuznetsov,4,Juan Monaco,1.29
Australian Open 2013,Men,2013-01-15,Grega Zemlja,2.26,Marcel Granollers,1.6
Australian Open 2013,Men,2013-01-14,Pablo Andujar,4.8999999999999995,Xavier Malisse,1.24
Australian Open 2013,Men,2013-01-15,Andreas Seppi,1.26,Horacio Zeballos,4.6
Australian Open 2013,Men,2013-01-14,David Goffin,2.32,Fernando Verdasco,1.63
Australian Open 2013,Men,2013-01-14,Jurgen Melzer,1.16,Mikhail Kukushkin,6.2
Australian Open 2013,Men,2013-01-15,Denis Istomin,1.5,Igor Sijsling,2.8
Australian Open 2013,Men,2013-01-14,Fabio Fognini,1.92,Roberto Bautista Agut,2.04
Australian Open 2013,Men,2013-01-15,Marin Cilic,1.18,Marinko Matosevic,6
Australian Open 2013,Men,2013-01-15,Filippo Volandri,17.5,Gilles Simon,1.04
Australian Open 2013,Men,2013-01-15,Jesse Levine,1.78,Tommy Robredo,2.22
Australian Open 2013,Men,2013-01-15,Ruben Ramirez Hidalgo,12.5,Yen Hsun Lu,1.07
Australian Open 2013,Men,2013-01-14,Michael Russell,18.5,Tomas Berdych,1.03
Australian Open 2013,Men,2013-01-15,Alexandr Dolgopolov,1.6400000000000001,Gael Monfils,2.5
Australian Open 2013,Men,2013-01-14,David Ferrer,1.02,Olivier Rochus,27
Australian Open 2013,Men,2013-01-15,Florian Mayer,1.17,Rhyne Williams,6.4
Australian Open 2013,Men,2013-01-14,John Millman,1.3,Tatsuma Ito,3.9499999999999997
Australian Open 2013,Men,2013-01-15,Joao Sousa,1.77,John Patrick Smith,2.26
Australian Open 2013,Men,2013-01-14,Albert Ramos,9.2,Marcos Baghdatis,1.12
Australian Open 2013,Men,2013-01-15,Andy Murray,1.02,Robin Haase,38
Australian Open 2013,Men,2013-01-14,Matthew Ebden,5.3,Mikhail Youzhny,1.22
Australian Open 2013,Men,2013-01-15,Philipp Kohlschreiber,1.13,Steve Darcis,7.4
Australian Open 2013,Men,2013-01-14,Adrian Ungur,3.75,Evgeny Donskoy,1.25
Australian Open 2013,Men,2013-01-15,Jo Wilfried Tsonga,1.12,Michael Llodra,9
Australian Open 2013,Men,2013-01-14,Kei Nishikori,1.1,Victor Hanescu,10
Australian Open 2013,Men,2013-01-15,Go Soeda,1.15,Luke Saville,7
Australian Open 2013,Men,2013-01-14,Daniel Gimeno Traver,3.9499999999999997,Lukasz Kubot,1.31
Australian Open 2013,Men,2013-01-15,Benjamin Mitchell,2.66,James Duckworth,1.5
Australian Open 2013,Men,2013-01-14,Bjorn Phau,1.3900000000000001,Somdev Devvarman,3.0999999999999996
Australian Open 2013,Men,2013-01-15,Blaz Kavcic,3.4499999999999997,Thomaz Bellucci,1.38
Australian Open 2013,Men,2013-01-14,Jerzy Janowicz,1.35,Simone Bolelli,3.55
Australian Open 2013,Men,2013-01-15,Jarkko Nieminen,3.1999999999999997,Tommy Haas,1.4
Australian Open 2013,Men,2013-01-14,Grigor Dimitrov,1.6,Julien Benneteau,2.6
Australian Open 2013,Men,2013-01-15,Di Wu,5.5,Ivan Dodig,1.21
Australian Open 2013,Men,2013-01-15,Alejandro Falla,1.35,Josselin Ouanna,3.65
Australian Open 2013,Men,2013-01-14,Gilles Muller,2.62,Lukas Lacko,1.54
Australian Open 2013,Men,2013-01-14,Janko Tipsarevic,1.7000000000000002,Lleyton Hewitt,2.4
Australian Open 2013,Men,2013-01-15,Albert Montanes,24,Richard Gasquet,1.03
Australian Open 2013,Men,2013-01-15,Jan Hajek,19.5,Milos Raonic,1.04
Australian Open 2013,Men,2013-01-15,Adrian Mannarino,13,Juan Martin Del Potro,1.06
Australian Open 2013,Men,2013-01-14,Arnau Brugues Davi,3.8499999999999996,Feliciano Lopez,1.24
Australian Open 2013,Men,2013-01-14,Daniel Munoz De La Nava,5.1,Sam Querrey,1.08
Australian Open 2013,Men,2013-01-14,Alex Bogomolov Jr,2.06,Brian Baker,1.85
Australian Open 2013,Men,2013-01-14,Cedrik Marcel Stebe,6.6000000000000005,Stanislas Wawrinka,1.15
Australian Open 2013,Men,2013-01-14,Guillaume Rufin,2.34,Julian Reister,1.71
Australian Open 2013,Men,2013-01-14,Carlos Berlocq,2.18,Maxime Authom,1.7000000000000002
Australian Open 2013,Men,2013-01-14,Nicolas Almagro,1.19,Steve Johnson,5.8
Australian Open 2013,Men,2013-01-14,Edouard Roger Vasselin,2.24,Ruben Bemelmans,1.78
Australian Open 2013,Men,2013-01-14,Ivo Karlovic,1.73,Tim Smyczek,2.2
Australian Open 2013,Men,2013-01-15,Adrian Menendez Maceiras,3.15,Jeremy Chardy,1.31
Australian Open 2013,Men,2013-01-15,Guillermo Garcia Lopez,1.46,Rajeev Ram,3
Australian Open 2013,Men,2013-01-15,Amir Weintraub,2.14,Guido Pella,1.85
Australian Open 2013,Men,2013-01-15,Ricardas Berankis,1.55,Sergiy Stakhovsky,2.66
Australian Open 2013,Men,2013-01-15,Daniel Brands,1.8,Martin Klizan,2.14
Australian Open 2013,Men,2013-01-15,Dudi Sela,3.1999999999999997,Nikolay Davydenko,1.27
Australian Open 2013,Men,2013-01-15,Jamie Baker,3.4,Lukas Rosol,1.3900000000000001
Australian Open 2013,Men,2013-01-16,Daniel Gimeno Traver,10.5,Nicolas Almagro,1.09
Australian Open 2013,Men,2013-01-16,Carlos Berlocq,14.5,Kei Nishikori,1.07
Australian Open 2013,Men,2013-01-16,Edouard Roger Vasselin,5.5,Julien Benneteau,1.21
Australian Open 2013,Men,2013-01-16,Guillaume Rufin,22,Tomas Berdych,1.02
Australian Open 2013,Men,2013-01-16,Fernando Verdasco,1.58,Xavier Malisse,2.6
Australian Open 2013,Men,2013-01-16,Stanislas Wawrinka,1.1400000000000001,Tobias Kamke,6.6000000000000005
Australian Open 2013,Men,2013-01-16,Evgeny Donskoy,3.6999999999999997,Mikhail Youzhny,1.36
Australian Open 2013,Men,2013-01-16,David Ferrer,1.01,Tim Smyczek,48
Australian Open 2013,Men,2013-01-16,Jerzy Janowicz,1.22,Somdev Devvarman,5.1
Australian Open 2013,Men,2013-01-16,Andrey Kuznetsov,5.8999999999999995,Kevin Anderson,1.18
Australian Open 2013,Men,2013-01-16,Brian Baker,5.699999999999999,Sam Querrey,1.21
Australian Open 2013,Men,2013-01-16,Jurgen Melzer,1.74,Roberto Bautista Agut,2.18
Australian Open 2013,Men,2013-01-16,Janko Tipsarevic,1.17,Lukas Lacko,6.800000000000001
Australian Open 2013,Men,2013-01-16,Feliciano Lopez,1.8900000000000001,Radek Stepanek,2.08
Australian Open 2013,Men,2013-01-16,Marcos Baghdatis,1.07,Tatsuma Ito,11
Australian Open 2013,Men,2013-01-17,Andreas Seppi,1.9100000000000001,Denis Istomin,2.04
Australian Open 2013,Men,2013-01-17,Florian Mayer,2.02,Ricardas Berankis,1.9100000000000001
Australian Open 2013,Men,2013-01-17,Amir Weintraub,12.5,Philipp Kohlschreiber,1.07
Australian Open 2013,Men,2013-01-17,Go Soeda,17,Jo Wilfried Tsonga,1.05
Australian Open 2013,Men,2013-01-17,Blaz Kavcic,1.4,James Duckworth,3.05
Australian Open 2013,Men,2013-01-17,Lukas Rosol,5.6,Milos Raonic,1.21
Australian Open 2013,Men,2013-01-17,Gilles Simon,1.45,Jesse Levine,3.05
Australian Open 2013,Men,2013-01-17,Alejandro Falla,8,Richard Gasquet,1.13
Australian Open 2013,Men,2013-01-17,Benjamin Becker,22,Juan Martin Del Potro,1.03
Australian Open 2013,Men,2013-01-17,Ivan Dodig,2.94,Jarkko Nieminen,1.5
Australian Open 2013,Men,2013-01-17,Bernard Tomic,1.13,Daniel Brands,7.6000000000000005
Australian Open 2013,Men,2013-01-17,Gael Monfils,1.33,Yen Hsun Lu,3.75
Australian Open 2013,Men,2013-01-17,Marin Cilic,1.06,Rajeev Ram,13.5
Australian Open 2013,Men,2013-01-17,Nikolay Davydenko,16,Roger Federer,1.06
Australian Open 2013,Men,2013-01-17,Jeremy Chardy,2.2800000000000002,Marcel Granollers,1.74
Australian Open 2013,Men,2013-01-18,Jerzy Janowicz,3.3499999999999996,Nicolas Almagro,1.4100000000000001
Australian Open 2013,Men,2013-01-18,Sam Querrey,2.3,Stanislas Wawrinka,1.6099999999999999
Australian Open 2013,Men,2013-01-18,Jurgen Melzer,12,Tomas Berdych,1.06
Australian Open 2013,Men,2013-01-18,Evgeny Donskoy,7.6000000000000005,Kei Nishikori,1.1400000000000001
Australian Open 2013,Men,2013-01-18,David Ferrer,1.15,Marcos Baghdatis,7.4
Australian Open 2013,Men,2013-01-18,Fernando Verdasco,2.12,Kevin Anderson,1.83
Australian Open 2013,Men,2013-01-18,Novak Djokovic,1.01,Radek Stepanek,70
Australian Open 2013,Men,2013-01-18,Janko Tipsarevic,1.4,Julien Benneteau,3.4
Australian Open 2013,Men,2013-01-19,Milos Raonic,1.6800000000000002,Philipp Kohlschreiber,2.44
Australian Open 2013,Men,2013-01-19,Andy Murray,1.02,Ricardas Berankis,32
Australian Open 2013,Men,2013-01-19,Blaz Kavcic,23,Jo Wilfried Tsonga,1.02
Australian Open 2013,Men,2013-01-19,Andreas Seppi,3.05,Marin Cilic,1.45
Australian Open 2013,Men,2013-01-19,Bernard Tomic,8,Roger Federer,1.12
Australian Open 2013,Men,2013-01-19,Jeremy Chardy,1.05,Juan Martin Del Potro,140
Australian Open 2013,Men,2013-01-19,Gael Monfils,2.56,Gilles Simon,1.62
Australian Open 2013,Men,2013-01-19,Ivan Dodig,8.600000000000001,Richard Gasquet,1.1
Australian Open 2013,Men,2013-01-20,Janko Tipsarevic,2.16,Nicolas Almagro,1.77
Australian Open 2013,Men,2013-01-20,Novak Djokovic,1.03,Stanislas Wawrinka,26
Australian Open 2013,Men,2013-01-20,Kevin Anderson,5.199999999999999,Tomas Berdych,1.21
Australian Open 2013,Men,2013-01-20,David Ferrer,1.23,Kei Nishikori,4.8999999999999995
Australian Open 2013,Men,2013-01-21,Andreas Seppi,1.63,Jeremy Chardy,2.56
Australian Open 2013,Men,2013-01-21,Jo Wilfried Tsonga,1.54,Richard Gasquet,2.7800000000000002
Australian Open 2013,Men,2013-01-21,Milos Raonic,7.800000000000001,Roger Federer,1.13
Australian Open 2013,Men,2013-01-21,Andy Murray,1.03,Gilles Simon,28
Australian Open 2013,Men,2013-01-22,David Ferrer,1.2,Nicolas Almagro,5.8
Australian Open 2013,Men,2013-01-22,Novak Djokovic,1.21,Tomas Berdych,5.3999999999999995
Australian Open 2013,Men,2013-01-23,Andy Murray,1.07,Jeremy Chardy,13
Australian Open 2013,Men,2013-01-23,Jo Wilfried Tsonga,5.6,Roger Federer,1.2
Australian Open 2013,Men,2013-01-24,David Ferrer,8,Novak Djokovic,1.13
Australian Open 2013,Men,2013-01-25,Andy Murray,1.76,Roger Federer,2.3
Australian Open 2013,Men,2013-01-27,Andy Murray,2.8,Novak Djokovic,1.54
Australian Open 2014,Men,2014-01-14,Bernard Tomic,18,Rafael Nadal,1.05
Australian Open 2014,Men,2014-01-14,Igor Sijsling,1.6099999999999999,Thanasi Kokkinakis,2.48
Australian Open 2014,Men,2014-01-14,Jack Sock,2.12,Tobias Kamke,1.63
Australian Open 2014,Men,2014-01-14,Gael Monfils,1.18,Ryan Harrison,5.6
Australian Open 2014,Men,2014-01-13,Aleksandr Nedovyesov,36,Tomas Berdych,1.02
Australian Open 2014,Men,2014-01-14,Andreas Seppi,4.199999999999999,Lleyton Hewitt,1.29
Australian Open 2014,Men,2014-01-13,Di Wu,1.92,Kenny De Schepper,2.02
Australian Open 2014,Men,2014-01-14,Donald Young,2.3,Robin Haase,1.74
Australian Open 2014,Men,2014-01-13,Ivan Dodig,1.5,Ivo Karlovic,2.7
Australian Open 2014,Men,2014-01-14,Kei Nishikori,1.3,Marinko Matosevic,3.9499999999999997
Australian Open 2014,Men,2014-01-13,Jiri Vesely,3.3,Kevin Anderson,1.34
Australian Open 2014,Men,2014-01-13,Carlos Berlocq,1.08,Edouard Roger Vasselin,1.4100000000000001
Australian Open 2014,Men,2014-01-14,Daniel Gimeno Traver,11.5,Milos Raonic,1.05
Australian Open 2014,Men,2014-01-13,Guillermo Garcia Lopez,2.2800000000000002,Tommy Haas,1.53
Australian Open 2014,Men,2014-01-14,Bradley Klahn,5.3,Grigor Dimitrov,1.19
Australian Open 2014,Men,2014-01-13,Jan Lennard Struff,3.8499999999999996,Mikhail Youzhny,1.31
Australian Open 2014,Men,2014-01-13,Albert Ramos,1.58,Pablo Andujar,1.47
Australian Open 2014,Men,2014-01-14,Benjamin Becker,1.87,Nick Kyrgios,2.1
Australian Open 2014,Men,2014-01-13,Jerzy Janowicz,1.32,Jordan Thompson,4
Australian Open 2014,Men,2014-01-14,Roberto Bautista Agut,1.3,Tim Smyczek,4.1
Australian Open 2014,Men,2014-01-13,Jeremy Chardy,1.16,Jesse Huta Galung,5.3
Australian Open 2014,Men,2014-01-13,Adrian Mannarino,1.94,Steve Johnson,1.82
Australian Open 2014,Men,2014-01-13,Alejandro Gonzalez,23,David Ferrer,1.03
Australian Open 2014,Men,2014-01-14,Andy Murray,1.02,Go Soeda,27
Australian Open 2014,Men,2014-01-13,Andrey Golubev,18,Stanislas Wawrinka,1.04
Australian Open 2014,Men,2014-01-13,Alejandro Falla,1.9500000000000002,Mikhail Kukushkin,1.99
Australian Open 2014,Men,2014-01-14,Feliciano Lopez,1.28,Somdev Devvarman,4.3
Australian Open 2014,Men,2014-01-13,Matthew Ebden,2.26,Nicolas Mahut,1.6400000000000001
Australian Open 2014,Men,2014-01-13,Samuel Groth,2.46,Vasek Pospisil,1.38
Australian Open 2014,Men,2014-01-14,Aljaz Bedene,8.600000000000001,Philipp Kohlschreiber,1.1
Australian Open 2014,Men,2014-01-13,Lukas Rosol,1.98,Tommy Robredo,1.99
Australian Open 2014,Men,2014-01-13,Julien Benneteau,1.36,Pablo Carreno Busta,3.5999999999999996
Australian Open 2014,Men,2014-01-14,Horacio Zeballos,2.56,Michal Przysiezny,1.5899999999999999
Australian Open 2014,Men,2014-01-13,Lukasz Kubot,2.46,Nikolay Davydenko,1.63
Australian Open 2014,Men,2014-01-13,Alex Bogomolov Jr,1.9300000000000002,Fabio Fognini,1.79
Australian Open 2014,Men,2014-01-13,Dudi Sela,2.66,Jarkko Nieminen,1.57
Australian Open 2014,Men,2014-01-13,Sam Querrey,1.44,Santiago Giraldo,3
Australian Open 2014,Men,2014-01-13,Ernests Gulbis,1.18,Juan Monaco,5.8999999999999995
Australian Open 2014,Men,2014-01-13,Dmitry Tursunov,1.15,Michael Russell,6.6000000000000005
Australian Open 2014,Men,2014-01-14,Marcel Granollers,5.3999999999999995,Marin Cilic,1.2
Australian Open 2014,Men,2014-01-13,Denis Istomin,1.67,Marcos Baghdatis,2.4
Australian Open 2014,Men,2014-01-14,Daniel Brands,1.46,Gilles Simon,2.96
Australian Open 2014,Men,2014-01-13,Albert Montanes,3.4499999999999997,Leonardo Mayer,1.33
Australian Open 2014,Men,2014-01-14,Sergiy Stakhovsky,1.22,Teymuraz Gabashvili,4.199999999999999
Australian Open 2014,Men,2014-01-14,Blaz Kavcic,3.75,Radek Stepanek,1.33
Australian Open 2014,Men,2014-01-14,James Duckworth,50,Roger Federer,1.01
Australian Open 2014,Men,2014-01-14,Dusan Lajovic,1.51,Lucas Pouille,2.84
Australian Open 2014,Men,2014-01-14,Peter Gojowczyk,1.42,Victor Hanescu,2.7
Australian Open 2014,Men,2014-01-14,Jimmy Wang,4.3,Yen Hsun Lu,1.25
Australian Open 2014,Men,2014-01-14,Juan Martin Del Potro,1.02,Rhyne Williams,46
Australian Open 2014,Men,2014-01-14,Vincent Millot,3.0999999999999996,Wayne Odesnik,1.46
Australian Open 2014,Men,2014-01-14,Michael Berrer,1.74,Michael Llodra,2.3
Australian Open 2014,Men,2014-01-14,Blaz Rola,1.78,Federico Delbonis,2.2
Australian Open 2014,Men,2014-01-14,John Isner,1.16,Martin Klizan,7
Australian Open 2014,Men,2014-01-14,Julian Reister,3.9499999999999997,Thomaz Bellucci,1.31
Australian Open 2014,Men,2014-01-14,Fernando Verdasco,1.1,Ze Zhang,8.600000000000001
Australian Open 2014,Men,2014-01-14,Benoit Paire,1.4100000000000001,Frank Dancevic,3.1999999999999997
Australian Open 2014,Men,2014-01-13,Damir Dzumhur,1.55,Jan Hajek,2.5
Australian Open 2014,Men,2014-01-13,Dominic Thiem,2,Joao Sousa,1.8599999999999999
Australian Open 2014,Men,2014-01-13,Denis Kudla,3.0999999999999996,Florian Mayer,1.38
Australian Open 2014,Men,2014-01-13,Alexandr Dolgopolov,1.47,Ricardas Berankis,1.28
Australian Open 2014,Men,2014-01-13,David Guez,18,Richard Gasquet,1.04
Australian Open 2014,Men,2014-01-13,Damir Dzumhar,1.02,Ivan Dodig,1.03
Australian Open 2014,Men,2014-01-15,Florian Mayer,2.52,Mikhail Youzhny,1.63
Australian Open 2014,Men,2014-01-15,Alejandro Falla,12.5,Stanislas Wawrinka,1.07
Australian Open 2014,Men,2014-01-15,Damir Dzumhur,5.199999999999999,Ivan Dodig,1.19
Australian Open 2014,Men,2014-01-15,Adrian Mannarino,19.5,David Ferrer,1.04
Australian Open 2014,Men,2014-01-15,Kenny De Schepper,32,Tomas Berdych,1.02
Australian Open 2014,Men,2014-01-15,Fabio Fognini,1.8900000000000001,Jarkko Nieminen,2.1
Australian Open 2014,Men,2014-01-15,Ernests Gulbis,1.53,Sam Querrey,2.84
Australian Open 2014,Men,2014-01-15,Dominic Thiem,2.86,Kevin Anderson,1.48
Australian Open 2014,Men,2014-01-15,Matthew Ebden,2.98,Vasek Pospisil,1.5
Australian Open 2014,Men,2014-01-15,Julien Benneteau,1.98,Tommy Robredo,1.98
Australian Open 2014,Men,2014-01-15,Edouard Roger Vasselin,2.18,Guillermo Garcia Lopez,1.8
Australian Open 2014,Men,2014-01-15,Jerzy Janowicz,1.33,Pablo Andujar,3.8499999999999996
Australian Open 2014,Men,2014-01-15,Alexandr Dolgopolov,1.71,Jeremy Chardy,2.26
Australian Open 2014,Men,2014-01-15,Leonardo Mayer,85,Novak Djokovic,1.01
Australian Open 2014,Men,2014-01-15,Nikolay Davydenko,5.199999999999999,Richard Gasquet,1.21
Australian Open 2014,Men,2014-01-15,Denis Istomin,2.12,Dmitry Tursunov,1.88
Australian Open 2014,Men,2014-01-16,Michal Przysiezny,1.6,Stephane Robert,2.6
Australian Open 2014,Men,2014-01-16,Milos Raonic,1.12,Victor Hanescu,8.4
Australian Open 2014,Men,2014-01-16,Grigor Dimitrov,1.5,Yen Hsun Lu,2.66
Australian Open 2014,Men,2014-01-16,Dusan Lajovic,14,Kei Nishikori,1.07
Australian Open 2014,Men,2014-01-16,Blaz Rola,2.14,Martin Klizan,1.62
Australian Open 2014,Men,2014-01-16,Blaz Kavcic,30,Roger Federer,1.02
Australian Open 2014,Men,2014-01-16,Jo Wilfried Tsonga,1.06,Thomaz Bellucci,14.5
Australian Open 2014,Men,2014-01-16,Benoit Paire,1.44,Nick Kyrgios,3.15
Australian Open 2014,Men,2014-01-16,Fernando Verdasco,1.15,Teymuraz Gabashvili,6.6000000000000005
Australian Open 2014,Men,2014-01-16,Feliciano Lopez,1.33,Michael Berrer,3.55
Australian Open 2014,Men,2014-01-16,Juan Martin Del Potro,1.05,Roberto Bautista Agut,9.4
Australian Open 2014,Men,2014-01-16,Andreas Seppi,1.57,Donald Young,2.58
Australian Open 2014,Men,2014-01-16,Andy Murray,1.01,Vincent Millot,80
Australian Open 2014,Men,2014-01-16,Rafael Nadal,1.01,Thanasi Kokkinakis,95
Australian Open 2014,Men,2014-01-16,Gael Monfils,1.09,Jack Sock,10
Australian Open 2014,Men,2014-01-16,Gilles Simon,4.3,Marin Cilic,1.29
Australian Open 2014,Men,2014-01-17,Damir Dzumhur,40,Tomas Berdych,1.02
Australian Open 2014,Men,2014-01-17,Florian Mayer,1.6600000000000001,Jerzy Janowicz,2.5
Australian Open 2014,Men,2014-01-17,David Ferrer,1.34,Jeremy Chardy,3.8
Australian Open 2014,Men,2014-01-17,Richard Gasquet,1.49,Tommy Robredo,2.94
Australian Open 2014,Men,2014-01-17,Denis Istomin,50,Novak Djokovic,1.01
Australian Open 2014,Men,2014-01-17,Edouard Roger Vasselin,2.54,Kevin Anderson,1.63
Australian Open 2014,Men,2014-01-17,Fabio Fognini,2.6,Sam Querrey,1.6099999999999999
Australian Open 2014,Men,2014-01-16,Stanislas Wawrinka,1.1400000000000001,Vasek Pospisil,5.699999999999999
Australian Open 2014,Men,2014-01-18,Donald Young,7,Kei Nishikori,1.15
Australian Open 2014,Men,2014-01-18,Gael Monfils,8.600000000000001,Rafael Nadal,1.11
Australian Open 2014,Men,2014-01-18,Martin Klizan,1.73,Stephane Robert,2.3
Australian Open 2014,Men,2014-01-18,Grigor Dimitrov,2.04,Milos Raonic,1.82
Australian Open 2014,Men,2014-01-18,Andy Murray,1.08,Feliciano Lopez,11.5
Australian Open 2014,Men,2014-01-18,Benoit Paire,2.7800000000000002,Roberto Bautista Agut,1.5
Australian Open 2014,Men,2014-01-18,Gilles Simon,6.4,Jo Wilfried Tsonga,1.16
Australian Open 2014,Men,2014-01-18,Roger Federer,1.02,Teymuraz Gabashvili,29
Australian Open 2014,Men,2014-01-19,David Ferrer,1.29,Florian Mayer,4.3
Australian Open 2014,Men,2014-01-19,Kevin Anderson,9.4,Tomas Berdych,1.1
Australian Open 2014,Men,2014-01-17,Stanislas Wawrinka,1.07,Tommy Robredo,1.06
Australian Open 2014,Men,2014-01-19,Stanislas Wawrinka,1.36,Tommy Robredo,3.65
Australian Open 2014,Men,2014-01-19,Fabio Fognini,55,Novak Djokovic,1.01
Australian Open 2014,Men,2014-01-20,Grigor Dimitrov,1.65,Roberto Bautista Agut,2.4
Australian Open 2014,Men,2014-01-20,Andy Murray,1.02,Stephane Robert,38
Australian Open 2014,Men,2014-01-20,Jo Wilfried Tsonga,2.58,Roger Federer,1.6099999999999999
Australian Open 2014,Men,2014-01-20,Kei Nishikori,19.5,Rafael Nadal,1.04
Australian Open 2014,Men,2014-01-21,David Ferrer,2.64,Tomas Berdych,1.5899999999999999
Australian Open 2014,Men,2014-01-21,Novak Djokovic,1.1,Stanislas Wawrinka,10
Australian Open 2014,Men,2014-01-22,Grigor Dimitrov,8.8,Rafael Nadal,1.11
Australian Open 2014,Men,2014-01-22,Andy Murray,2.3,Roger Federer,1.75
Australian Open 2014,Men,2014-01-23,Stanislas Wawrinka,1.84,Tomas Berdych,2.16
Australian Open 2014,Men,2014-01-24,Rafael Nadal,1.67,Roger Federer,2.44
Australian Open 2014,Men,2014-01-26,Rafael Nadal,1.18,Stanislas Wawrinka,6.2
Australian Open 2015,Men,2015-01-20,Albert Ramos Vinolas,2.3,Andrey Kuznetsov,1.67
Australian Open 2015,Men,2015-01-20,Fernando Verdasco,1.25,James Ward,4.3
Australian Open 2015,Men,2015-01-20,Gilles Muller,1.65,Pablo Carreno Busta,2.1
Australian Open 2015,Men,2015-01-20,Dominic Thiem,2.1,Roberto Bautista Agut,1.47
Australian Open 2015,Men,2015-01-20,Denis Kudla,2.14,Feliciano Lopez,1.33
Australian Open 2015,Men,2015-01-20,Adrian Mannarino,1.28,Blaz Rola,4.3
Australian Open 2015,Men,2015-01-20,Gael Monfils,1.19,Lucas Pouille,5.3
Australian Open 2015,Men,2015-01-20,Benjamin Becker,3.3,Julien Benneteau,1.4
Australian Open 2015,Men,2015-01-20,Lleyton Hewitt,1.34,Ze Zhang,3.65
Australian Open 2015,Men,2015-01-20,Marsel Ilhan,9.8,Stan Wawrinka,1.03
Australian Open 2015,Men,2015-01-20,Andrey Golubev,2.48,Jarkko Nieminen,1.63
Australian Open 2015,Men,2015-01-20,Alexandr Dolgopolov,1.84,Paolo Lorenzi,1.72
Australian Open 2015,Men,2015-01-20,Sam Querrey,2.16,Vasek Pospisil,1.82
Australian Open 2015,Men,2015-01-20,Guillermo Garcia Lopez,2.34,Peter Gojowczyk,1.5899999999999999
Australian Open 2015,Men,2015-01-20,Alejandro Gonzalez,3.3,Fabio Fognini,1.35
Australian Open 2015,Men,2015-01-20,David Ferrer,1.07,Thomaz Bellucci,12
Australian Open 2015,Men,2015-01-20,Dusan Lajovic,2.5,Sergiy Stakhovsky,1.5899999999999999
Australian Open 2015,Men,2015-01-20,Marcel Granollers,2.2800000000000002,Stephane Robert,1.74
Australian Open 2015,Men,2015-01-20,Gilles Simon,1.21,Robin Haase,4.1
Australian Open 2015,Men,2015-01-20,Ivan Dodig,1.22,Joao Souza,5
Australian Open 2015,Men,2015-01-20,Kei Nishikori,1.09,Nicolas Almagro,10.5
Australian Open 2015,Men,2015-01-19,Alejandro Falla,27,Tomas Berdych,1.03
Australian Open 2015,Men,2015-01-19,Jiri Vesely,2.2,Viktor Troicki,1.79
Australian Open 2015,Men,2015-01-19,John Millman,2.24,Leonardo Mayer,1.74
Australian Open 2015,Men,2015-01-19,Paul Henri Mathieu,2.58,Philipp Kohlschreiber,1.26
Australian Open 2015,Men,2015-01-19,Bernard Tomic,1.1400000000000001,Tobias Kamke,2.24
Australian Open 2015,Men,2015-01-19,Filip Krajinovic,2.54,Sam Groth,1.44
Australian Open 2015,Men,2015-01-19,Ernests Gulbis,1.6099999999999999,Thanasi Kokkinakis,1.81
Australian Open 2015,Men,2015-01-19,Diego Schwartzman,8.4,Kevin Anderson,1.12
Australian Open 2015,Men,2015-01-19,Igor Sijsling,1.28,Ricardas Berankis,1.6099999999999999
Australian Open 2015,Men,2015-01-19,Blaz Kavcic,1.62,James Duckworth,2.4
Australian Open 2015,Men,2015-01-19,Carlos Berlocq,10.5,Richard Gasquet,1.08
Australian Open 2015,Men,2015-01-19,Kenny De Schepper,2.36,Lukas Rosol,1.6
Australian Open 2015,Men,2015-01-19,Dudi Sela,2.7800000000000002,Jan Lennard Struff,1.54
Australian Open 2015,Men,2015-01-19,Mikhail Youzhny,6.800000000000001,Rafael Nadal,1.15
Australian Open 2015,Men,2015-01-19,Joao Sousa,1.63,Jordan Thompson,2.38
Australian Open 2015,Men,2015-01-19,Martin Klizan,1.3900000000000001,Tatsuma Ito,3.4499999999999997
Australian Open 2015,Men,2015-01-19,Marcos Baghdatis,1.56,Teymuraz Gabashvili,2.44
Australian Open 2015,Men,2015-01-19,Lukas Lacko,1.36,Maximo Gonzalez,3.0999999999999996
Australian Open 2015,Men,2015-01-19,Dustin Brown,9,Grigor Dimitrov,1.09
Australian Open 2015,Men,2015-01-19,Edouard Roger Vasselin,2.18,Tommy Robredo,1.29
Australian Open 2015,Men,2015-01-19,Malek Jaziri,2.76,Mikhail Kukushkin,1.46
Australian Open 2015,Men,2015-01-19,Federico Delbonis,5.699999999999999,Nick Kyrgios,1.18
Australian Open 2015,Men,2015-01-19,Borna Coric,2.7800000000000002,Jeremy Chardy,1.47
Australian Open 2015,Men,2015-01-19,Andreas Seppi,1.69,Denis Istomin,2.2
Australian Open 2015,Men,2015-01-19,Juan Monaco,2.24,Simone Bolelli,1.74
Australian Open 2015,Men,2015-01-19,Roger Federer,1.02,Yen Hsun Lu,34
Australian Open 2015,Men,2015-01-20,Aljaz Bedene,65,Novak Djokovic,1.01
Australian Open 2015,Men,2015-01-20,Elias Ymer,1.98,Go Soeda,1.99
Australian Open 2015,Men,2015-01-20,Jimmy Wang,4.1,John Isner,1.25
Australian Open 2015,Men,2015-01-20,Andreas Haider Maurer,1.52,Laurent Lokoli,2.8200000000000003
Australian Open 2015,Men,2015-01-20,Donald Young,1.3900000000000001,Tim Puetz,3.4
Australian Open 2015,Men,2015-01-20,Illya Marchenko,16,Milos Raonic,1.05
Australian Open 2015,Men,2015-01-20,Marius Copil,2.16,Pablo Andujar,1.84
Australian Open 2015,Men,2015-01-20,Matthias Bachinger,1.49,Pablo Cuevas,1.8900000000000001
Australian Open 2015,Men,2015-01-20,Jan Hernych,2.26,Santiago Giraldo,1.72
Australian Open 2015,Men,2015-01-20,Kyle Edmund,3.5999999999999996,Steve Johnson,1.23
Australian Open 2015,Men,2015-01-19,Jurgen Melzer,1.45,Victor Estrella Burgos,3.0999999999999996
Australian Open 2015,Men,2015-01-19,Luke Saville,1.58,Tim Smyczek,1.3
Australian Open 2015,Men,2015-01-19,Andy Murray,1.02,Yuki Bhambri,44
Australian Open 2015,Men,2015-01-19,Alexander Kudryavtsev,2.96,Marinko Matosevic,1.36
Australian Open 2015,Men,2015-01-19,David Goffin,1.12,Michael Russell,1.5
Australian Open 2015,Men,2015-01-19,Ivo Karlovic,1.26,Ruben Bemelmans,4.3999999999999995
Australian Open 2015,Men,2015-01-20,Hiroki Moriya,8,Jerzy Janowicz,1.13
Australian Open 2015,Men,2015-01-21,Joao Sousa,3.05,Martin Klizan,1.46
Australian Open 2015,Men,2015-01-21,Andreas Seppi,2.38,Jeremy Chardy,1.55
Australian Open 2015,Men,2015-01-21,Kevin Anderson,1.33,Ricardas Berankis,3.4499999999999997
Australian Open 2015,Men,2015-01-21,Andy Murray,1.03,Marinko Matosevic,21
Australian Open 2015,Men,2015-01-21,Grigor Dimitrov,1.07,Lukas Lacko,12.5
Australian Open 2015,Men,2015-01-21,Jurgen Melzer,20,Tomas Berdych,1.03
Australian Open 2015,Men,2015-01-21,Bernard Tomic,1.69,Philipp Kohlschreiber,2.4
Australian Open 2015,Men,2015-01-21,James Duckworth,7,Richard Gasquet,1.1400000000000001
Australian Open 2015,Men,2015-01-21,Rafael Nadal,1.02,Tim Smyczek,28
Australian Open 2015,Men,2015-01-21,David Goffin,1.44,Marcos Baghdatis,3.05
Australian Open 2015,Men,2015-01-21,Leonardo Mayer,2.08,Viktor Troicki,1.81
Australian Open 2015,Men,2015-01-21,Dudi Sela,1.87,Lukas Rosol,2
Australian Open 2015,Men,2015-01-21,Roger Federer,1.02,Simone Bolelli,32
Australian Open 2015,Men,2015-01-21,Edouard Roger Vasselin,1.53,Malek Jaziri,2.76
Australian Open 2015,Men,2015-01-21,Samuel Groth,1.81,Thanasi Kokkinakis,2.18
Australian Open 2015,Men,2015-01-21,Ivo Karlovic,1.69,Nick Kyrgios,2.3
Australian Open 2015,Men,2015-01-22,Alejandro Gonzalez,2.5,Guillermo Garcia Lopez,1.4100000000000001
Australian Open 2015,Men,2015-01-22,Santiago Giraldo,2.68,Steve Johnson,1.51
Australian Open 2015,Men,2015-01-22,Adrian Mannarino,1.79,Feliciano Lopez,2.18
Australian Open 2015,Men,2015-01-22,Donald Young,12,Milos Raonic,1.07
Australian Open 2015,Men,2015-01-22,Andreas Haider Maurer,6.6000000000000005,John Isner,1.16
Australian Open 2015,Men,2015-01-22,Gilles Muller,2.62,Roberto Bautista Agut,1.47
Australian Open 2015,Men,2015-01-22,Gilles Simon,1.34,Marcel Granollers,3.9
Australian Open 2015,Men,2015-01-22,Ivan Dodig,8.8,Kei Nishikori,1.06
Australian Open 2015,Men,2015-01-22,Fernando Verdasco,1.24,Go Soeda,4.8
Australian Open 2015,Men,2015-01-22,Marius Copil,8.600000000000001,Stan Wawrinka,1.05
Australian Open 2015,Men,2015-01-22,Jarkko Nieminen,2,Matthias Bachinger,1.97
Australian Open 2015,Men,2015-01-22,Andrey Kuznetsov,60,Novak Djokovic,1.01
Australian Open 2015,Men,2015-01-22,David Ferrer,1.05,Sergiy Stakhovsky,15
Australian Open 2015,Men,2015-01-22,Benjamin Becker,1.96,Lleyton Hewitt,2
Australian Open 2015,Men,2015-01-22,Paolo Lorenzi,4.8999999999999995,Vasek Pospisil,1.22
Australian Open 2015,Men,2015-01-22,Gael Monfils,1.38,Jerzy Janowicz,3.5
Australian Open 2015,Men,2015-01-23,Tomas Berdych,1.18,Viktor Troicki,5.8
Australian Open 2015,Men,2015-01-23,Kevin Anderson,2.56,Richard Gasquet,1.6099999999999999
Australian Open 2015,Men,2015-01-23,Andy Murray,1.02,Joao Sousa,34
Australian Open 2015,Men,2015-01-23,Grigor Dimitrov,1.26,Marcos Baghdatis,4.699999999999999
Australian Open 2015,Men,2015-01-23,Malek Jaziri,5.699999999999999,Nick Kyrgios,1.2
Australian Open 2015,Men,2015-01-23,Andreas Seppi,22,Roger Federer,1.03
Australian Open 2015,Men,2015-01-23,Bernard Tomic,1.28,Sam Groth,4.1
Australian Open 2015,Men,2015-01-23,Dudi Sela,9.2,Rafael Nadal,1.11
Australian Open 2015,Men,2015-01-24,Kei Nishikori,1.1,Steve Johnson,8.4
Australian Open 2015,Men,2015-01-24,Jarkko Nieminen,9.4,Stan Wawrinka,1.08
Australian Open 2015,Men,2015-01-24,Guillermo Garcia Lopez,1.72,Vasek Pospisil,2.3
Australian Open 2015,Men,2015-01-24,Gilles Muller,2.66,John Isner,1.5899999999999999
Australian Open 2015,Men,2015-01-24,David Ferrer,1.45,Gilles Simon,3.0999999999999996
Australian Open 2015,Men,2015-01-24,Fernando Verdasco,16.5,Novak Djokovic,1.04
Australian Open 2015,Men,2015-01-24,Feliciano Lopez,2.48,Jerzy Janowicz,1.65
Australian Open 2015,Men,2015-01-24,Benjamin Becker,12,Milos Raonic,1.07
Australian Open 2015,Men,2015-01-25,Andy Murray,1.31,Grigor Dimitrov,4
Australian Open 2015,Men,2015-01-25,Bernard Tomic,3.5,Tomas Berdych,1.37
Australian Open 2015,Men,2015-01-25,Andreas Seppi,2.2800000000000002,Nick Kyrgios,1.77
Australian Open 2015,Men,2015-01-25,Kevin Anderson,4.1,Rafael Nadal,1.31
Australian Open 2015,Men,2015-01-26,Guillermo Garcia Lopez,11,Stan Wawrinka,1.08
Australian Open 2015,Men,2015-01-26,Feliciano Lopez,6,Milos Raonic,1.17
Australian Open 2015,Men,2015-01-26,Gilles Muller,24,Novak Djokovic,1.03
Australian Open 2015,Men,2015-01-26,David Ferrer,3.25,Kei Nishikori,1.43
Australian Open 2015,Men,2015-01-27,Rafael Nadal,1.6,Tomas Berdych,2.62
Australian Open 2015,Men,2015-01-27,Andy Murray,1.15,Nick Kyrgios,7.2
Australian Open 2015,Men,2015-01-28,Kei Nishikori,1.73,Stan Wawrinka,2.32
Australian Open 2015,Men,2015-01-28,Milos Raonic,7.4,Novak Djokovic,1.1400000000000001
Australian Open 2015,Men,2015-01-29,Andy Murray,1.74,Tomas Berdych,2.34
Australian Open 2015,Men,2015-01-30,Novak Djokovic,1.25,Stan Wawrinka,4.8
Australian Open 2015,Men,2015-02-01,Andy Murray,3.05,Novak Djokovic,1.46
Australian Open 2016,Men,2016-01-18,Ivan Dodig,1.18,Quentin Halys,5.199999999999999
Australian Open 2016,Men,2016-01-19,Benjamin Becker,1.98,Dudi Sela,1.9
Australian Open 2016,Men,2016-01-18,Denis Kudla,1.4100000000000001,Filip Krajinovic,2.7800000000000002
Australian Open 2016,Men,2016-01-18,Andreas Seppi,1.69,Teymuraz Gabashvili,2.38
Australian Open 2016,Men,2016-01-19,Ernests Gulbis,3.5999999999999996,Jeremy Chardy,1.36
Australian Open 2016,Men,2016-01-18,Federico Delbonis,3.15,Ivo Karlovic,1.31
Australian Open 2016,Men,2016-01-19,Marco Cecchinato,9.8,Nicolas Mahut,1.08
Australian Open 2016,Men,2016-01-18,Evgeny Donskoy,1.49,Inigo Cervantes,2.7800000000000002
Australian Open 2016,Men,2016-01-19,Kevin Anderson,1.07,Rajeev Ram,13.5
Australian Open 2016,Men,2016-01-19,Fernando Verdasco,12,Rafael Nadal,1.08
Australian Open 2016,Men,2016-01-19,Lucas Pouille,16.5,Milos Raonic,1.05
Australian Open 2016,Men,2016-01-18,Gilles Simon,1.54,Vasek Pospisil,2.8200000000000003
Australian Open 2016,Men,2016-01-19,Malek Jaziri,3.8499999999999996,Tommy Robredo,1.33
Australian Open 2016,Men,2016-01-19,Daniel Munoz De La Nava,7.800000000000001,Viktor Troicki,1.1400000000000001
Australian Open 2016,Men,2016-01-18,Jo Wilfried Tsonga,1.19,Marcos Baghdatis,5.8
Australian Open 2016,Men,2016-01-19,Lukas Rosol,1.3900000000000001,Taro Daniel,3.1999999999999997
Australian Open 2016,Men,2016-01-18,Illya Marchenko,1.1400000000000001,Omar Jasika,6.800000000000001
Australian Open 2016,Men,2016-01-19,Dmitry Tursunov,55,Stan Wawrinka,1.01
Australian Open 2016,Men,2016-01-18,Benoit Paire,1.08,Noah Rubin,11
Australian Open 2016,Men,2016-01-19,James Duckworth,2.74,Lleyton Hewitt,1.56
Australian Open 2016,Men,2016-01-18,Guillermo Garcia Lopez,1.49,Paul Henri Mathieu,2.7
Australian Open 2016,Men,2016-01-19,Jordan Thompson,3.0999999999999996,Thomaz Bellucci,1.44
Australian Open 2016,Men,2016-01-19,Aljaz Bedene,2.2800000000000002,Steve Johnson,1.65
Australian Open 2016,Men,2016-01-18,Kei Nishikori,1.26,Philipp Kohlschreiber,4.5
Australian Open 2016,Men,2016-01-19,Guido Pella,1.5899999999999999,Steve Darcis,2.58
Australian Open 2016,Men,2016-01-19,Marcel Granollers,1.55,Matthew Ebden,2.62
Australian Open 2016,Men,2016-01-18,Nikoloz Basilashvili,80,Roger Federer,1.01
Australian Open 2016,Men,2016-01-19,Jerzy Janowicz,4.5,John Isner,1.27
Australian Open 2016,Men,2016-01-18,Alexandr Dolgopolov,1.22,Ricardas Berankis,5.1
Australian Open 2016,Men,2016-01-19,Bernard Tomic,1.25,Denis Istomin,4.8999999999999995
Australian Open 2016,Men,2016-01-19,Brian Baker,8,Simone Bolelli,1.13
Australian Open 2016,Men,2016-01-18,Grigor Dimitrov,1.1,Paolo Lorenzi,10
Australian Open 2016,Men,2016-01-19,Diego Schwartzman,3.65,John Millman,1.34
Australian Open 2016,Men,2016-01-18,Dominic Thiem,1.62,Leonardo Mayer,2.08
Australian Open 2016,Men,2016-01-19,Fabio Fognini,2.16,Gilles Muller,1.76
Australian Open 2016,Men,2016-01-18,Julien Benneteau,3.3,Nicolas Almagro,1.29
Australian Open 2016,Men,2016-01-19,Joao Sousa,1.72,Mikhail Kukushkin,2.16
Australian Open 2016,Men,2016-01-19,Donald Young,1.56,Santiago Giraldo,2.64
Australian Open 2016,Men,2016-01-18,Damir Dzumhur,3.65,Kyle Edmund,1.3
Australian Open 2016,Men,2016-01-18,David Goffin,1.16,Sergiy Stakhovsky,6.4
Australian Open 2016,Men,2016-01-18,Marin Cilic,1.08,Thiemo De Bakker,12
Australian Open 2016,Men,2016-01-18,Albert Ramos Vinolas,3.5,Borna Coric,1.38
Australian Open 2016,Men,2016-01-19,Adrian Mannarino,1.56,Sam Groth,2.6
Australian Open 2016,Men,2016-01-18,Dusan Lajovic,3.4499999999999997,Sam Querrey,1.36
Australian Open 2016,Men,2016-01-18,Martin Klizan,10.5,Roberto Bautista Agut,1.08
Australian Open 2016,Men,2016-01-19,Alexander Zverev,38,Andy Murray,1.02
Australian Open 2016,Men,2016-01-18,Nick Kyrgios,1.1400000000000001,Pablo Carreno Busta,7.800000000000001
Australian Open 2016,Men,2016-01-18,Pablo Cuevas,1.49,Yoshihito Nishioka,2.62
Australian Open 2016,Men,2016-01-18,Tomas Berdych,1.01,Yuki Bhambri,3.5
Australian Open 2016,Men,2016-01-18,Jiri Vesely,1.18,Renzo Olivo,5.5
Australian Open 2016,Men,2016-01-18,Pablo Andujar,2.6,Pierre Hugues Herbert,1.55
Australian Open 2016,Men,2016-01-18,Daniel Brands,1.36,Victor Estrella Burgos,3.5
Australian Open 2016,Men,2016-01-18,Austin Krajicek,1.67,Di Wu,2.16
Australian Open 2016,Men,2016-01-18,Jozef Kovalik,1.82,Marco Trungelliti,2.12
Australian Open 2016,Men,2016-01-18,Mirza Basic,3.0999999999999996,Robin Haase,1.43
Australian Open 2016,Men,2016-01-19,Andrey Kuznetsov,1.49,Ryan Harrison,2.58
Australian Open 2016,Men,2016-01-19,Gael Monfils,1.11,Yuichi Sugita,8.8
Australian Open 2016,Men,2016-01-19,Daniel Gimeno Traver,4,Tim Smyczek,1.31
Australian Open 2016,Men,2016-01-19,Bjorn Fratangelo,2.58,Stephane Robert,1.6
Australian Open 2016,Men,2016-01-19,Jack Sock,1.52,Taylor Fritz,2.8200000000000003
Australian Open 2016,Men,2016-01-19,Radek Stepanek,1.34,Tatsuma Ito,3.6999999999999997
Australian Open 2016,Men,2016-01-19,David Ferrer,1.06,Peter Gojowczyk,14.5
Australian Open 2016,Men,2016-01-19,Daniel Evans,3.75,Feliciano Lopez,1.26
Australian Open 2016,Men,2016-01-20,Austin Krajicek,27,Kei Nishikori,1.02
Australian Open 2016,Men,2016-01-20,Federico Delbonis,1.36,Renzo Olivo,3.4499999999999997
Australian Open 2016,Men,2016-01-20,Evgeny Donskoy,7.6000000000000005,Gilles Simon,1.13
Australian Open 2016,Men,2016-01-20,Daniel Brands,3.15,Guillermo Garcia Lopez,1.45
Australian Open 2016,Men,2016-01-20,Dominic Thiem,1.42,Nicolas Almagro,3.1999999999999997
Australian Open 2016,Men,2016-01-20,Damir Dzumhur,15.5,David Goffin,1.05
Australian Open 2016,Men,2016-01-20,Albert Ramos Vinolas,7.4,Marin Cilic,1.15
Australian Open 2016,Men,2016-01-20,Mirza Basic,32,Tomas Berdych,1.02
Australian Open 2016,Men,2016-01-20,Noah Rubin,3.8,Pierre Hugues Herbert,1.34
Australian Open 2016,Men,2016-01-20,Andreas Seppi,1.42,Denis Kudla,3.15
Australian Open 2016,Men,2016-01-20,Alexandr Dolgopolov,11.5,Roger Federer,1.08
Australian Open 2016,Men,2016-01-20,Grigor Dimitrov,1.04,Marco Trungelliti,18.5
Australian Open 2016,Men,2016-01-20,Dusan Lajovic,7.6000000000000005,Roberto Bautista Agut,1.13
Australian Open 2016,Men,2016-01-20,Jo Wilfred Tsonga,1.02,Omar Jasika,36
Australian Open 2016,Men,2016-01-20,Nick Kyrgios,1.1400000000000001,Pablo Cuevas,7.6000000000000005
Australian Open 2016,Men,2016-01-21,Andrey Kuznetsov,2.22,Jeremy Chardy,1.75
Australian Open 2016,Men,2016-01-21,Bernard Tomic,1.19,Simone Bolelli,5.8
Australian Open 2016,Men,2016-01-21,Steve Johnson,1.58,Thomaz Bellucci,2.62
Australian Open 2016,Men,2016-01-21,Feliciano Lopez,1.17,Guido Pella,6.4
Australian Open 2016,Men,2016-01-21,Andy Murray,1.02,Sam Groth,38
Australian Open 2016,Men,2016-01-21,Jack Sock,1.54,Lukas Rosol,2.72
Australian Open 2016,Men,2016-01-21,Joao Sousa,1.51,Santiago Giraldo,2.88
Australian Open 2016,Men,2016-01-21,John Isner,1.12,Marcel Granollers,8
Australian Open 2016,Men,2016-01-21,Gilles Muller,1.34,John Millman,3.8499999999999996
Australian Open 2016,Men,2016-01-21,Gael Monfils,1.22,Nicolas Mahut,5.199999999999999
Australian Open 2016,Men,2016-01-21,Milos Raonic,1.06,Tommy Robredo,14
Australian Open 2016,Men,2016-01-21,Rajeev Ram,2.4,Stephane Robert,1.6800000000000002
Australian Open 2016,Men,2016-01-21,Radek Stepanek,13,Stan Wawrinka,1.08
Australian Open 2016,Men,2016-01-21,Dudi Sela,4.1,Fernando Verdasco,1.3
Australian Open 2016,Men,2016-01-21,David Ferrer,1.16,Lleyton Hewitt,6.6000000000000005
Australian Open 2016,Men,2016-01-21,Tim Smyczek,4.5,Viktor Troicki,1.28
Australian Open 2016,Men,2016-01-22,David Goffin,2.48,Dominic Thiem,1.6400000000000001
Australian Open 2016,Men,2016-01-22,Guillermo Garcia Lopez,10.5,Kei Nishikori,1.09
Australian Open 2016,Men,2016-01-22,Federico Delbonis,5.6,Gilles Simon,1.2
Australian Open 2016,Men,2016-01-22,Grigor Dimitrov,12,Roger Federer,1.07
Australian Open 2016,Men,2016-01-22,Nick Kyrgios,2.36,Tomas Berdych,1.71
Australian Open 2016,Men,2016-01-22,Marin Cilic,1.36,Roberto Bautista Agut,3.3
Australian Open 2016,Men,2016-01-22,Andreas Seppi,90,Novak Djokovic,1.01
Australian Open 2016,Men,2016-01-22,Jo Wilfried Tsonga,1.11,Pierre Hugues Herbert,9.600000000000001
Australian Open 2016,Men,2016-01-23,Andy Murray,1.01,Joao Sousa,50
Australian Open 2016,Men,2016-01-23,Gael Monfils,1.07,Stephane Robert,12.5
Australian Open 2016,Men,2016-01-23,Milos Raonic,1.22,Viktor Troicki,5.3
Australian Open 2016,Men,2016-01-23,Feliciano Lopez,2.8200000000000003,John Isner,1.51
Australian Open 2016,Men,2016-01-23,Andrey Kuznetsov,1.57,Dudi Sela,2.74
Australian Open 2016,Men,2016-01-23,Lukas Rosol,12.5,Stan Wawrinka,1.07
Australian Open 2016,Men,2016-01-23,David Ferrer,1.26,Steve Johnson,4.6
Australian Open 2016,Men,2016-01-23,Bernard Tomic,1.15,John Millman,7
Australian Open 2016,Men,2016-01-24,Jo Wilfried Tsonga,2.22,Kei Nishikori,1.81
Australian Open 2016,Men,2016-01-24,David Goffin,15.5,Roger Federer,1.06
Australian Open 2016,Men,2016-01-24,Gilles Simon,46,Novak Djokovic,1.01
Australian Open 2016,Men,2016-01-24,Roberto Bautista Agut,4.199999999999999,Tomas Berdych,1.28
Australian Open 2016,Men,2016-01-25,Milos Raonic,2.38,Stan Wawrinka,1.6800000000000002
Australian Open 2016,Men,2016-01-25,David Ferrer,1.53,John Isner,2.8200000000000003
Australian Open 2016,Men,2016-01-25,Andrey Kuznetsov,4.8999999999999995,Gael Monfils,1.24
Australian Open 2016,Men,2016-01-25,Andy Murray,1.1,Bernard Tomic,9.2
Australian Open 2016,Men,2016-01-26,Kei Nishikori,7,Novak Djokovic,1.16
Australian Open 2016,Men,2016-01-26,Roger Federer,1.19,Tomas Berdych,6
Australian Open 2016,Men,2016-01-27,Gael Monfils,3.55,Milos Raonic,1.38
Australian Open 2016,Men,2016-01-27,Andy Murray,1.2,David Ferrer,5.6
Australian Open 2016,Men,2016-01-28,Novak Djokovic,1.35,Roger Federer,3.65
Australian Open 2016,Men,2016-01-29,Andy Murray,1.38,Milos Raonic,3.55
Australian Open 2016,Men,2016-01-31,Andy Murray,5.3,Novak Djokovic,1.21
Australian Open 2017,Men,2017-01-16,Andy Murray,1.01,Illya Marchenko,70
Australian Open 2017,Men,2017-01-16,Alex De Minaur,2.4,Gerald Melzer,1.67
Australian Open 2017,Men,2017-01-16,Quentin Halys,3.1999999999999997,Sam Querrey,1.4100000000000001
Australian Open 2017,Men,2017-01-16,John Isner,1.1,Konstantin Kravchuk,9.600000000000001
Australian Open 2017,Men,2017-01-16,Guillermo Garcia Lopez,4.1,Mischa Zverev,1.29
Australian Open 2017,Men,2017-01-16,Nicolas Mahut,2.3,Ryan Harrison,1.67
Australian Open 2017,Men,2017-01-16,Dudi Sela,2.1,Marcel Granollers,1.87
Australian Open 2017,Men,2017-01-16,Jeremy Chardy,1.8599999999999999,Nicolas Almagro,2.06
Australian Open 2017,Men,2017-01-16,Andrey Kuznetsov,10.5,Kei Nishikori,1.1
Australian Open 2017,Men,2017-01-16,Martin Klizan,15,Stan Wawrinka,1.06
Australian Open 2017,Men,2017-01-16,Federico Delbonis,3.8499999999999996,Steve Johnson,1.3
Australian Open 2017,Men,2017-01-16,James Duckworth,1.63,Paolo Lorenzi,2.24
Australian Open 2017,Men,2017-01-16,Damir Dzumhur,5.1,Viktor Troicki,1.21
Australian Open 2017,Men,2017-01-16,Diego Schwartzman,1.9500000000000002,Pablo Cuevas,1.98
Australian Open 2017,Men,2017-01-16,Sam Groth,2.54,Steve Darcis,1.58
Australian Open 2017,Men,2017-01-16,Andreas Seppi,1.3900000000000001,Paul Henri Mathieu,3.3499999999999996
Australian Open 2017,Men,2017-01-16,Gastao Elias,12,Nick Kyrgios,1.07
Australian Open 2017,Men,2017-01-16,Jo Wilfried Tsonga,1.03,Thiago Monteiro,21
Australian Open 2017,Men,2017-01-16,Dusan Lajovic,1.96,Stephane Robert,1.9300000000000002
Australian Open 2017,Men,2017-01-16,Adrian Mannarino,2.18,Karen Khachanov,1.8
Australian Open 2017,Men,2017-01-16,Jack Sock,1.22,Pierre Hugues Herbert,5.1
Australian Open 2017,Men,2017-01-16,Bernard Tomic,1.4100000000000001,Thomaz Bellucci,3.3
Australian Open 2017,Men,2017-01-16,Aljaz Bedene,1.16,Victor Estrella Burgos,6.2
Australian Open 2017,Men,2017-01-16,Daniel Evans,1.31,Facundo Bagnis,4.1
Australian Open 2017,Men,2017-01-16,Jerzy Janowicz,8,Marin Cilic,1.11
Australian Open 2017,Men,2017-01-17,Gael Monfils,1.3,Jiri Vesely,4.1
Australian Open 2017,Men,2017-01-17,Alexandr Dolgopolov,1.9500000000000002,Borna Coric,1.99
Australian Open 2017,Men,2017-01-17,Nikoloz Basilashvili,4.8,Philipp Kohlschreiber,1.24
Australian Open 2017,Men,2017-01-17,Alexander Zverev,1.1,Robin Haase,8.8
Australian Open 2017,Men,2017-01-17,Marcos Baghdatis,1.62,Mikhail Youzhny,2.4
Australian Open 2017,Men,2017-01-17,Florian Mayer,17,Rafael Nadal,1.05
Australian Open 2017,Men,2017-01-17,Guido Pella,9.4,Roberto Bautista Agut,1.1
Australian Open 2017,Men,2017-01-17,David Ferrer,1.18,Omar Jasika,6
Australian Open 2017,Men,2017-01-17,Gilles Simon,1.19,Michael Mmoh,5.6
Australian Open 2017,Men,2017-01-17,Fernando Veradsco,16,Novak Djokovic,1.04
Australian Open 2017,Men,2017-01-17,Jared Donaldson,1.25,Rogerio Dutra Silva,4.6
Australian Open 2017,Men,2017-01-17,Gilles Muller,1.36,Taylor Fritz,3.15
Australian Open 2017,Men,2017-01-17,Kyle Edmund,1.33,Santiago Giraldo,3.8499999999999996
Australian Open 2017,Men,2017-01-17,Dustin Brown,16,Milos Raoinic,1.06
Australian Open 2017,Men,2017-01-17,Carlos Berlocq,1.96,Radu Albot,1.96
Australian Open 2017,Men,2017-01-17,Dominic Thiem,1.35,Jan Lennard Struff,3.65
Australian Open 2017,Men,2017-01-17,Hyeon Chung,1.23,Renzo Olivo,4.699999999999999
Australian Open 2017,Men,2017-01-17,Joao Sousa,1.55,Jordan Thompson,2.72
Australian Open 2017,Men,2017-01-17,Christopher OConnell,25,Grigor Dimitrov,1.02
Australian Open 2017,Men,2017-01-17,Benoit Paire,1.25,Tommy Haas,4.5
Australian Open 2017,Men,2017-01-17,Adam Pavlasek,1.44,Andrew Whittington,2.92
Australian Open 2017,Men,2017-01-17,Fabio Fognini,2.26,Feliciano Lopez,1.74
Australian Open 2017,Men,2017-01-17,Horacio Zeballos,3.8,Ivo Karlovic,1.33
Australian Open 2017,Men,2017-01-16,Andrey Rublev,3.15,Yen Hsun Lu,1.43
Australian Open 2017,Men,2017-01-16,Go Soeda,2.52,Malek Jaziri,1.62
Australian Open 2017,Men,2017-01-16,Alexander Bublik,3.9,Lucas Pouille,1.31
Australian Open 2017,Men,2017-01-16,Bjorn Fratangelo,1.72,Noah Rubin,2.2800000000000002
Australian Open 2017,Men,2017-01-16,Luca Vanni,21,Tomas Berdych,1.04
Australian Open 2017,Men,2017-01-16,Albert Ramos Vinolas,1.75,Lukas Lacko,2.24
Australian Open 2017,Men,2017-01-17,Donald Young,1.49,Thomas Fabbiano,2.9
Australian Open 2017,Men,2017-01-17,Frances Tiafoe,1.56,Mikhail Kukushkin,2.64
Australian Open 2017,Men,2017-01-17,Alex Bolt,2.6,Yoshihito Nishioka,1.5899999999999999
Australian Open 2017,Men,2017-01-17,Daniil Medvedev,1.48,Ernesto Escobedo,2.8200000000000003
Australian Open 2017,Men,2017-01-17,Dmitry Tursunov,7,Radek Stepanek,1.15
Australian Open 2017,Men,2017-01-17,David Goffin,1.16,Reilly Opelka,6.6000000000000005
Australian Open 2017,Men,2017-01-17,Blake Mott,28,Richard Gasquet,1.02
Australian Open 2017,Men,2017-01-17,Denis Istomin,2.04,Ivan Dodig,1.81
Australian Open 2017,Men,2017-01-16,Jurgen Melzer,20,Roger Federer,1.05
Australian Open 2017,Men,2017-01-17,Pablo Carreno Busta,1.24,Peter Polansky,4.8
Australian Open 2017,Men,2017-01-18,Ryan Harrison,5.8999999999999995,Tomas Berdych,1.18
Australian Open 2017,Men,2017-01-18,Bernard Tomic,1.07,Victor Estrella Burgos,13
Australian Open 2017,Men,2017-01-18,Alex De Minaur,3.9,Sam Querrey,1.32
Australian Open 2017,Men,2017-01-18,John Isner,1.45,Mischa Zverev,3.15
Australian Open 2017,Men,2017-01-18,Andrey Rublev,55,Andy Murray,1.01
Australian Open 2017,Men,2017-01-18,Alexander Bublik,3.05,Malek Jaziri,1.46
Australian Open 2017,Men,2017-01-18,Jeremy Chardy,10.5,Kei Nishikori,1.08
Australian Open 2017,Men,2017-01-18,Paolo Lorenzi,4.5,Viktor Troicki,1.25
Australian Open 2017,Men,2017-01-18,Daniel Evans,5.8999999999999995,Marin Cilic,1.19
Australian Open 2017,Men,2017-01-18,Andreas Seppi,9.2,Nick Kyrgios,1.1
Australian Open 2017,Men,2017-01-18,Dusan Lajovic,14.5,Jo Wilfred Tsonga,1.06
Australian Open 2017,Men,2017-01-18,Jack Sock,1.31,Karen Khachanov,4
Australian Open 2017,Men,2017-01-18,Noah Rubin,28,Roger Federer,1.02
Australian Open 2017,Men,2017-01-18,Dudi Sela,1.45,Lukas Lacko,3.0999999999999996
Australian Open 2017,Men,2017-01-18,Diego Schwartzman,1.63,Steve Darcis,2.5
Australian Open 2017,Men,2017-01-18,Stan Wawrinka,1.27,Steve Johnson,4.3
Australian Open 2017,Men,2017-01-19,Donald Young,3.05,Philipp Kohlschreiber,1.47
Australian Open 2017,Men,2017-01-19,Gilles Simon,1.07,Rogerio Dutra Silva,12.5
Australian Open 2017,Men,2017-01-19,Alexander Zverev,1.18,Frances Tiafoe,6.2
Australian Open 2017,Men,2017-01-19,Marcos Baghdatis,9,Rafael Nadal,1.11
Australian Open 2017,Men,2017-01-19,Kyle Edmund,1.82,Pablo Carreno Busta,2.18
Australian Open 2017,Men,2017-01-19,Roberto Bautista Agut,1.06,Yoshihito Nishioka,14
Australian Open 2017,Men,2017-01-19,Gilles Muller,5.199999999999999,Milos Raonic,1.23
Australian Open 2017,Men,2017-01-19,Carlos Berlocq,18,Richard Gasquet,1.04
Australian Open 2017,Men,2017-01-19,David Goffin,1.23,Radek Stepanek,4.8999999999999995
Australian Open 2017,Men,2017-01-19,Dominic Thiem,1.31,Jordan Thompson,4
Australian Open 2017,Men,2017-01-19,David Ferrer,1.25,Ernesto Escobedo,4.8
Australian Open 2017,Men,2017-01-19,Alexandr Dolgopolov,5.3,Gael Monfils,1.2
Australian Open 2017,Men,2017-01-19,Benoit Paire,2.2800000000000002,Fabio Fognini,1.75
Australian Open 2017,Men,2017-01-19,Grigor Dimitrov,1.13,Hyeon Chung,7.6000000000000005
Australian Open 2017,Men,2017-01-19,Andrew Whittington,3.5999999999999996,Ivo Karlovic,1.36
Australian Open 2017,Men,2017-01-19,Denis Istomin,65,Novak Djokovic,1.01
Australian Open 2017,Men,2017-01-20,Kei Nishikori,1.05,Lukas Lacko,19
Australian Open 2017,Men,2017-01-20,Roger Federer,1.56,Tomas Berdych,2.74
Australian Open 2017,Men,2017-01-20,Malek Jaziri,1.75,Mischa Zverev,2.22
Australian Open 2017,Men,2017-01-20,Stan Wawrinka,1.1400000000000001,Viktor Troicki,7.800000000000001
Australian Open 2017,Men,2017-01-20,Jack Sock,2.76,Jo Wilfried Tsonga,1.53
Australian Open 2017,Men,2017-01-20,Andreas Seppi,1.77,Steve Darcis,2.2
Australian Open 2017,Men,2017-01-20,Andy Murray,1.04,Sam Querrey,15.5
Australian Open 2017,Men,2017-01-20,Bernard Tomic,1.63,Daniel Evans,2.54
Australian Open 2017,Men,2017-01-21,Grigor Dimitrov,1.65,Richard Gasquet,2.48
Australian Open 2017,Men,2017-01-21,David Ferrer,2.88,Roberto Bautista Agut,1.5
Australian Open 2017,Men,2017-01-21,Gilles Simon,5.699999999999999,Milos Raonic,1.19
Australian Open 2017,Men,2017-01-21,Gael Monfils,1.22,Philipp Kohlschreiber,5.199999999999999
Australian Open 2017,Men,2017-01-21,David Goffin,1.26,Ivo Karlovic,4.199999999999999
Australian Open 2017,Men,2017-01-21,Denis Istomin,3.65,Pablo Carreno Busta,1.35
Australian Open 2017,Men,2017-01-21,Benoit Paire,5.3999999999999995,Dominic Thiem,1.21
Australian Open 2017,Men,2017-01-21,Alexander Zverev,3.8,Rafael  Nadal,1.34
Australian Open 2017,Men,2017-01-22,Andy Murray,1.02,Mischa Zverev,24
Australian Open 2017,Men,2017-01-22,Andreas Seppi,9,Stan Wawrinka,1.12
Australian Open 2017,Men,2017-01-22,Daniel Evans,4.699999999999999,Jo Wilfried Tsonga,1.24
Australian Open 2017,Men,2017-01-22,Kei Nishikori,2.34,Roger Federer,1.71
Australian Open 2017,Men,2017-01-23,David Goffin,1.72,Dominic Thiem,2.32
Australian Open 2017,Men,2017-01-23,Gael Monfils,3.15,Rafael Nadal,1.44
Australian Open 2017,Men,2017-01-23,Milos Raonic,1.27,Roberto Bautista Agut,4.5
Australian Open 2017,Men,2017-01-23,Denis Istomin,6.800000000000001,Grigor Dimitrov,1.15
Australian Open 2017,Men,2017-01-24,Jo Wilfried Tsonga,2.26,Stan Wawrinka,1.73
Australian Open 2017,Men,2017-01-24,Mischa Zverev,8.600000000000001,Roger Federer,1.12
Australian Open 2017,Men,2017-01-25,David Goffin,2.52,Grigor Dimitrov,1.63
Australian Open 2017,Men,2017-01-25,Milos Raonic,2.2800000000000002,Rafael Nadal,1.75
Australian Open 2017,Men,2017-01-26,Roger Federer,1.56,Stan Wawrinka,2.76
Australian Open 2017,Men,2017-01-27,Grigor Dimitrov,3.3499999999999996,Rafael Nadal,1.4
Australian Open 2017,Men,2017-01-29,Rafael Nadal,1.78,Roger Federer,2.24
Australian Open 2018,Men,2018-01-15,Rafael Nadal,1.02,Victor Estrella Burgos,32
Australian Open 2018,Men,2018-01-15,Leonardo Mayer,1.47,Nicolas Jarry,2.8
Australian Open 2018,Men,2018-01-15,Borna Coric,1.84,John Millman,2.12
Australian Open 2018,Men,2018-01-15,Damir Dzumhur,1.6400000000000001,Paolo Lorenzi,2.36
Australian Open 2018,Men,2018-01-15,Diego Schwartzman,1.27,Dusan Lajovic,4.199999999999999
Australian Open 2018,Men,2018-01-15,Alexandr Dolgopolov,1.04,Andreas Haider Maurer,19
Australian Open 2018,Men,2018-01-15,John Isner,1.38,Matthew Ebden,3.4499999999999997
Australian Open 2018,Men,2018-01-15,Jason Kubler,4.3999999999999995,Pablo Carreno Busta,1.26
Australian Open 2018,Men,2018-01-15,Gilles Simon,1.4,Marius Copil,2.96
Australian Open 2018,Men,2018-01-15,Federico Delbonis,4.5,Gilles Muller,1.27
Australian Open 2018,Men,2018-01-15,Mikhail Youzhny,2.22,Pablo Cuevas,1.67
Australian Open 2018,Men,2018-01-15,Dudi Sela,3.4499999999999997,Ryan Harrison,1.35
Australian Open 2018,Men,2018-01-15,Andrey Rublev,1.97,David Ferrer,1.97
Australian Open 2018,Men,2018-01-15,Nick Kyrgios,1.03,Rogerio Dutra Silva,21
Australian Open 2018,Men,2018-01-15,Alex Bolt,3.4,Viktor Troicki,1.35
Australian Open 2018,Men,2018-01-15,Denis Shapovalov,1.76,Stefanos Tsitsipas,2.2
Australian Open 2018,Men,2018-01-15,Kevin Anderson,1.43,Kyle Edmund,3.15
Australian Open 2018,Men,2018-01-15,Denis Istomin,1.71,Pierre Hugues Herbert,2.24
Australian Open 2018,Men,2018-01-15,Gerald Melzer,2.58,Nikoloz Basilashvili,1.58
Australian Open 2018,Men,2018-01-15,Philipp Kohlschreiber,1.35,Yoshihito Nishioka,3.65
Australian Open 2018,Men,2018-01-15,Andreas Seppi,1.35,Corentin Moutet,3.5
Australian Open 2018,Men,2018-01-15,Ivo Karlovic,1.99,Laslo Djere,1.9300000000000002
Australian Open 2018,Men,2018-01-15,Jack Sock,1.46,Yuichi Sugita,3.05
Australian Open 2018,Men,2018-01-16,Dominic Thiem,1.29,Guido Pella,3.9499999999999997
Australian Open 2018,Men,2018-01-16,Fernando Verdasco,3,Roberto Bautista Agut,1.45
Australian Open 2018,Men,2018-01-16,Cedrik Marcel Stebe,2.64,Maximilian Marterer,1.56
Australian Open 2018,Men,2018-01-16,Jeremy Chardy,1.82,Tennys Sandgren,2.1
Australian Open 2018,Men,2018-01-16,Ricardas Berankis,2.8200000000000003,Stan Wawrinka,1.52
Australian Open 2018,Men,2018-01-16,Donald Young,9.8,Novak Djokovic,1.09
Australian Open 2018,Men,2018-01-16,Alexei Popyrin,4.1,Tim Smyczek,1.25
Australian Open 2018,Men,2018-01-16,Albert Ramos Vinolas,2.18,Jared Donaldson,1.76
Australian Open 2018,Men,2018-01-16,Hyeon Chung,1.3,Mischa Zverev,3.9499999999999997
Australian Open 2018,Men,2018-01-16,Daniil Medvedev,2.2,Thanasi Kokkinakis,1.75
Australian Open 2018,Men,2018-01-16,Mikhail Kukushkin,2.68,Peter Gojowczyk,1.57
Australian Open 2018,Men,2018-01-16,Alexander Zverev,1.02,Thomas Fabbiano,32
Australian Open 2018,Men,2018-01-16,Julien Benneteau,1.57,Taro Daniel,2.62
Australian Open 2018,Men,2018-01-16,Evgeny Donskoy,1.75,Florian Mayer,2.2800000000000002
Australian Open 2018,Men,2018-01-16,Fabio Fognini,1.22,Horacio Zeballos,4.8999999999999995
Australian Open 2018,Men,2018-01-16,Aljaz Bedene,42,Roger Federer,1.02
Australian Open 2018,Men,2018-01-16,Alex De Minaur,2.98,Tomas Berdych,1.49
Australian Open 2018,Men,2018-01-16,Jan Lennard Struff,1.24,Soonwoo Kwon,4.5
Australian Open 2018,Men,2018-01-16,Benoit Paire,1.4100000000000001,Guillermo Garcia Lopez,2.86
Australian Open 2018,Men,2018-01-16,Frances Tiafoe,8,Juan Martin Del Potro,1.1400000000000001
Australian Open 2018,Men,2018-01-16,Blaz Kavcic,12,Richard Gasquet,1.07
Australian Open 2018,Men,2018-01-16,Feliciano Lopez,2.14,Sam Querrey,1.82
Australian Open 2018,Men,2018-01-16,Lukas Lacko,6.2,Milos Raonic,1.17
Australian Open 2018,Men,2018-01-16,Marton Fucsovics,1.51,Radu Albot,2.8
Australian Open 2018,Men,2018-01-16,Jordan Thompson,1.17,Nicolas Kicker,6.6000000000000005
Australian Open 2018,Men,2018-01-15,Jo Wilfried Tsonga,1.09,Kevin King,9.600000000000001
Australian Open 2018,Men,2018-01-15,Lucas Pouille,1.17,Ruben Bemelmans,5.199999999999999
Australian Open 2018,Men,2018-01-15,Marcos  Baghdatis,1.82,Yuki Bhambri,1.98
Australian Open 2018,Men,2018-01-15,Elias Ymer,1.99,Mackenzie McDonald,1.9300000000000002
Australian Open 2018,Men,2018-01-15,Malek Jaziri,1.72,Salvatore Caruso,2.26
Australian Open 2018,Men,2018-01-15,Dustin Brown,2.92,Joao Sousa,1.4100000000000001
Australian Open 2018,Men,2018-01-15,Casper Ruud,1.92,Quentin Halys,1.82
Australian Open 2018,Men,2018-01-15,Dennis Novak,44,Grigor Dimitrov,1.02
Australian Open 2018,Men,2018-01-15,Marin Cilic,1.13,Vasek Pospisil,7.2
Australian Open 2018,Men,2018-01-16,Denis Kudla,3.6999999999999997,Steve Johnson,1.33
Australian Open 2018,Men,2018-01-16,Jiri Vesely,1.27,Vaclav Safranek,4.3
Australian Open 2018,Men,2018-01-16,Adrian Mannarino,1.35,Matteo Berrettini,3.65
Australian Open 2018,Men,2018-01-16,Gael Monfils,1.12,Jaume Munar,5.699999999999999
Australian Open 2018,Men,2018-01-16,David Goffin,1.05,Matthias Bachinger,14.5
Australian Open 2018,Men,2018-01-16,Karen Khachanov,1.2,Peter Polansky,4.5
Australian Open 2018,Men,2018-01-16,Lorenzo Sonego,3.65,Robin Haase,1.35
Australian Open 2018,Men,2018-01-17,Pablo Cuevas,2.46,Ryan Harrison,1.62
Australian Open 2018,Men,2018-01-17,Denis Istomin,3.15,Kyle Edmund,1.46
Australian Open 2018,Men,2018-01-17,Alexandr Dolgopolov,1.53,Matthew Ebden,2.8200000000000003
Australian Open 2018,Men,2018-01-17,Andreas Seppi,1.58,Yoshihito Nishioka,2.58
Australian Open 2018,Men,2018-01-17,Gilles Simon,1.71,Pablo Carreno Busta,2.32
Australian Open 2018,Men,2018-01-17,Grigor Dimitrov,1.02,Mackenzie McDonald,25
Australian Open 2018,Men,2018-01-17,Andrey Rublev,1.42,Marcos Baghdatis,3.15
Australian Open 2018,Men,2018-01-16,Damir Dzhumur,1.02,John Millman,1.69
Australian Open 2018,Men,2018-01-17,Nick Kyrgios,1.07,Viktor Troicki,12.5
Australian Open 2018,Men,2018-01-17,Leonardo Mayer,23,Rafael Nadal,1.04
Australian Open 2018,Men,2018-01-17,Casper Ruud,3.8499999999999996,Diego Schwartzman,1.29
Australian Open 2018,Men,2018-01-17,Joao Sousa,9.600000000000001,Marin Cilic,1.09
Australian Open 2018,Men,2018-01-17,Denis Shapovalov,2.46,Jo Wilfred Tsonga,1.63
Australian Open 2018,Men,2018-01-17,Nikoloz Basilashvili,1.85,Ruben Bemelmans,2.16
Australian Open 2018,Men,2018-01-17,Ivo Karlovic,2.5,Yuichi Sugita,1.62
Australian Open 2018,Men,2018-01-17,Gilles Muller,1.1400000000000001,Malek Jaziri,7.2
Australian Open 2018,Men,2018-01-17,Damir Dzumhur,2.5,John Millman,1.62
Australian Open 2018,Men,2018-01-18,Adrian Mannarino,1.4,Jiri Vesely,3.4
Australian Open 2018,Men,2018-01-18,Fernando Verdasco,1.35,Maximilian Marterer,3.55
Australian Open 2018,Men,2018-01-18,Marton Fucsovics,3.4,Sam Querrey,1.3900000000000001
Australian Open 2018,Men,2018-01-18,Lukas Lacko,1.2,Nicolas Kicker,5.5
Australian Open 2018,Men,2018-01-18,Alexander Zverev,1.21,Peter Gojowczyk,5.3
Australian Open 2018,Men,2018-01-18,David Goffin,1.11,Julien Benneteau,8
Australian Open 2018,Men,2018-01-18,Stan Wawrinka,1.35,Tennys Sandgren,3.75
Australian Open 2018,Men,2018-01-18,Evgeny Donskoy,3.5,Fabio Fognini,1.36
Australian Open 2018,Men,2018-01-18,Albert Ramos Vinolas,1.5,Tim Smyczek,2.96
Australian Open 2018,Men,2018-01-18,Gael Monfils,4.8999999999999995,Novak Djokovic,1.22
Australian Open 2018,Men,2018-01-18,Lorenzo Sonego,7.2,Richard Gasquet,1.1400000000000001
Australian Open 2018,Men,2018-01-18,Daniil Medvedev,3.05,Hyeon Chung,1.44
Australian Open 2018,Men,2018-01-18,Jan Lennard Struff,26,Roger Federer,1.02
Australian Open 2018,Men,2018-01-18,Guillermo Garcia Lopez,5.6,Tomas Berdych,1.2
Australian Open 2018,Men,2018-01-18,Denis Kudla,14,Dominic Thiem,1.07
Australian Open 2018,Men,2018-01-18,Juan Martin Del Potro,1.2,Karen Khachanov,5.199999999999999
Australian Open 2018,Men,2018-01-19,Kyle Edmund,1.25,Nikoloz Basilashvili,4.8
Australian Open 2018,Men,2018-01-19,Gilles Muller,2.36,Pablo Carreno Busta,1.71
Australian Open 2018,Men,2018-01-19,Marin Cilic,1.1400000000000001,Ryan Harrison,7.2
Australian Open 2018,Men,2018-01-19,Andreas Seppi,1.63,Ivo Karlovic,2.52
Australian Open 2018,Men,2018-01-19,Damir Dzumhur,17.5,Rafael Nadal,1.04
Australian Open 2018,Men,2018-01-19,Jo Wilfred Tsonga,3.3,Nick Kyrgios,1.42
Australian Open 2018,Men,2018-01-19,Alexandr Dolgopolov,1.76,Diego Schwartzman,2.26
Australian Open 2018,Men,2018-01-19,Andrey Rublev,2.98,Grigor Dimitrov,1.49
Australian Open 2018,Men,2018-01-20,Marton Fucsovics,1.2,Nicolas Kicker,5.6
Australian Open 2018,Men,2018-01-20,Adrian Mannarino,3.3499999999999996,Dominic Thiem,1.3900000000000001
Australian Open 2018,Men,2018-01-20,Albert Ramos Vinolas,11,Novak Djokovic,1.08
Australian Open 2018,Men,2018-01-20,Fabio Fognini,1.48,Julien Benneteau,2.92
Australian Open 2018,Men,2018-01-20,Juan Martin Del Potro,1.63,Tomas Berdych,2.52
Australian Open 2018,Men,2018-01-20,Alexander Zverev,1.6,Hyeon Chung,2.58
Australian Open 2018,Men,2018-01-20,Maximilian Marterer,1.69,Tennys Sandgren,2.32
Australian Open 2018,Men,2018-01-20,Richard Gasquet,14,Roger Federer,1.07
Australian Open 2018,Men,2018-01-21,Andreas Seppi,3.15,Kyle Edmund,1.43
Australian Open 2018,Men,2018-01-21,Diego Schwartzman,14,Rafael Nadal,1.06
Australian Open 2018,Men,2018-01-21,Marin Cilic,1.24,Pablo Carreno Busta,4.8
Australian Open 2018,Men,2018-01-21,Grigor  Dimitrov,2.44,Nick Kyrgios,1.69
Australian Open 2018,Men,2018-01-22,Dominic Thiem,1.13,Tennys Sandgren,7.4
Australian Open 2018,Men,2018-01-22,Hyeon Chung,4.8999999999999995,Novak Djokovic,1.25
Australian Open 2018,Men,2018-01-22,Fabio Fognini,4.199999999999999,Tomas Berdych,1.29
Australian Open 2018,Men,2018-01-22,Marton Fucsovics,30,Roger Federer,1.03
Australian Open 2018,Men,2018-01-23,Marin Cilic,4.3,Rafael Nadal,1.28
Australian Open 2018,Men,2018-01-23,Grigor Dimitrov,1.3,Kyle Edmund,4.1
Australian Open 2018,Men,2018-01-24,Roger Federer,1.19,Tomas Berdych,6.2
Australian Open 2018,Men,2018-01-24,Hyeon Chung,1.31,Tennys Sandgren,4.1
Australian Open 2018,Men,2018-01-25,Kyle Edmund,4,Marin Cilic,1.32
Australian Open 2018,Men,2018-01-26,Hyeon Chung,6.4,Roger Federer,1.17
Australian Open 2018,Men,2018-01-28,Marin Cilic,4.6,Roger Federer,1.26
